agent_id,label,n_tasks,n_tasks_full_k,pass_at_1,pass_at_least_1_of_k,pass_all_k,pass_zero_k,discordant_frac,outcome_consistency,outcome_consistency_se,resource_consistency,resource_consistency_se,cost_cv_mean,tokens_cv_mean,tools_cv_mean
corebench_hard_codex_agent_gpt_5_4_reasoning_effort_medium,Codex GPT-5 4 medium,39,39,0.9589743589743589,1.0,0.9487179487179487,0.0,0.05128205128205128,0.9671794871794871,0.022900208079568763,0.6820787778525149,0.021175910551718507,0.33565741800096777,0.40436146018620517,0.19824325724935735
corebench_hard_codex_agent_gpt_5_3_codex_reasoning_effort_medium,Codex GPT-5 3 Codex medium,39,39,0.9384615384615385,0.9743589743589743,0.8717948717948718,0.02564102564102564,0.10256410256410256,0.9179487179487179,0.04024080600466973,0.6566361194199606,0.026221249452358035,0.41953447331448745,0.45565368360429676,0.24035524784488607
corebench_hard_codex_agent_gpt_5_2_reasoning_effort_medium,Codex GPT-5 2 medium,39,39,0.9076923076923077,0.9743589743589743,0.8205128205128205,0.02564102564102564,0.15384615384615385,0.885128205128205,0.044743792752305216,0.636545373255948,0.03212803556413823,0.45763221764980416,0.5116404325897808,0.20057683618797442
corebench_hard_codex_agent_gpt_5_reasoning_effort_medium,Codex GPT-5 medium,39,39,0.9076923076923077,1.0,0.7435897435897436,0.0,0.2564102564102564,0.8030769230769231,0.055903997435832006,0.6542193694028974,0.022989041055250993,0.42950729224349243,0.4489511420280566,0.38878170478536656
corebench_hard_codex_agent_gpt_5_1_reasoning_effort_medium,Codex GPT-5 1 medium,39,39,0.8307692307692308,0.9487179487179487,0.5897435897435898,0.05128205128205128,0.358974358974359,0.7292307692307691,0.06055900705435591,0.6087057346994111,0.03514551886641403,0.5508530841341049,0.5793643435538313,0.2633529513500593
